{
    "intranode_bandwidth": {
        "0": 11.07767105102539
    },
    "intranode_latency": {
        "0": 0.0036108673084527254
    }
}